devontown,agenew,count(borrower)
0,,3318
0,0,118
0,1,352
0,10,810
0,100,1
0,101,3
0,105,2
0,11,769
0,112,2
0,114,7
0,115,12
0,116,25
0,12,680
0,13,603
0,14,516
0,15,469
0,16,428
0,17,510
0,18,692
0,19,661
0,2,515
0,20,771
0,21,832
0,22,966
0,23,1085
0,24,1082
0,25,1073
0,26,1069
0,27,1101
0,28,1262
0,29,1166
0,3,627
0,30,1158
0,31,1074
0,32,1062
0,33,1001
0,34,1062
0,35,986
0,36,984
0,37,996
0,38,889
0,39,811
0,4,774
0,40,842
0,41,787
0,42,738
0,43,729
0,44,713
0,45,689
0,46,681
0,47,604
0,48,598
0,49,591
0,5,834
0,50,526
0,51,549
0,52,555
0,53,552
0,54,448
0,55,425
0,56,469
0,57,430
0,58,419
0,59,446
0,6,859
0,60,429
0,61,401
0,62,414
0,63,433
0,64,432
0,65,472
0,66,442
0,67,419
0,68,449
0,69,465
0,7,913
0,70,477
0,71,329
0,72,331
0,73,284
0,74,265
0,75,268
0,76,230
0,77,206
0,78,189
0,79,142
0,8,892
0,80,159
0,81,126
0,82,126
0,83,104
0,84,87
0,85,86
0,86,83
0,87,69
0,88,62
0,89,25
0,9,865
0,90,34
0,91,32
0,92,30
0,93,16
0,94,20
0,95,8
0,96,12
0,97,5
0,98,2
0,99,3
Ashburton/Buckfastleigh,,200
Ashburton/Buckfastleigh,0,8
Ashburton/Buckfastleigh,1,13
Ashburton/Buckfastleigh,10,68
Ashburton/Buckfastleigh,11,96
Ashburton/Buckfastleigh,112,1
Ashburton/Buckfastleigh,115,1
Ashburton/Buckfastleigh,12,81
Ashburton/Buckfastleigh,13,63
Ashburton/Buckfastleigh,14,54
Ashburton/Buckfastleigh,15,50
Ashburton/Buckfastleigh,16,49
Ashburton/Buckfastleigh,17,31
Ashburton/Buckfastleigh,18,34
Ashburton/Buckfastleigh,19,27
Ashburton/Buckfastleigh,2,22
Ashburton/Buckfastleigh,20,33
Ashburton/Buckfastleigh,21,23
Ashburton/Buckfastleigh,22,29
Ashburton/Buckfastleigh,23,30
Ashburton/Buckfastleigh,24,34
Ashburton/Buckfastleigh,25,29
Ashburton/Buckfastleigh,26,24
Ashburton/Buckfastleigh,27,26
Ashburton/Buckfastleigh,28,36
Ashburton/Buckfastleigh,29,30
Ashburton/Buckfastleigh,3,42
Ashburton/Buckfastleigh,30,42
Ashburton/Buckfastleigh,31,27
Ashburton/Buckfastleigh,32,33
Ashburton/Buckfastleigh,33,42
Ashburton/Buckfastleigh,34,29
Ashburton/Buckfastleigh,35,35
Ashburton/Buckfastleigh,36,34
Ashburton/Buckfastleigh,37,47
Ashburton/Buckfastleigh,38,34
Ashburton/Buckfastleigh,39,35
Ashburton/Buckfastleigh,4,62
Ashburton/Buckfastleigh,40,32
Ashburton/Buckfastleigh,41,49
Ashburton/Buckfastleigh,42,39
Ashburton/Buckfastleigh,43,43
Ashburton/Buckfastleigh,44,49
Ashburton/Buckfastleigh,45,51
Ashburton/Buckfastleigh,46,43
Ashburton/Buckfastleigh,47,53
Ashburton/Buckfastleigh,48,43
Ashburton/Buckfastleigh,49,46
Ashburton/Buckfastleigh,5,55
Ashburton/Buckfastleigh,50,42
Ashburton/Buckfastleigh,51,56
Ashburton/Buckfastleigh,52,37
Ashburton/Buckfastleigh,53,47
Ashburton/Buckfastleigh,54,37
Ashburton/Buckfastleigh,55,34
Ashburton/Buckfastleigh,56,29
Ashburton/Buckfastleigh,57,31
Ashburton/Buckfastleigh,58,34
Ashburton/Buckfastleigh,59,31
Ashburton/Buckfastleigh,6,61
Ashburton/Buckfastleigh,60,37
Ashburton/Buckfastleigh,61,29
Ashburton/Buckfastleigh,62,30
Ashburton/Buckfastleigh,63,34
Ashburton/Buckfastleigh,64,41
Ashburton/Buckfastleigh,65,38
Ashburton/Buckfastleigh,66,38
Ashburton/Buckfastleigh,67,47
Ashburton/Buckfastleigh,68,36
Ashburton/Buckfastleigh,69,37
Ashburton/Buckfastleigh,7,75
Ashburton/Buckfastleigh,70,36
Ashburton/Buckfastleigh,71,33
Ashburton/Buckfastleigh,72,27
Ashburton/Buckfastleigh,73,28
Ashburton/Buckfastleigh,74,25
Ashburton/Buckfastleigh,75,18
Ashburton/Buckfastleigh,76,21
Ashburton/Buckfastleigh,77,11
Ashburton/Buckfastleigh,78,14
Ashburton/Buckfastleigh,79,7
Ashburton/Buckfastleigh,8,71
Ashburton/Buckfastleigh,80,13
Ashburton/Buckfastleigh,81,11
Ashburton/Buckfastleigh,82,7
Ashburton/Buckfastleigh,83,10
Ashburton/Buckfastleigh,84,5
Ashburton/Buckfastleigh,85,7
Ashburton/Buckfastleigh,86,6
Ashburton/Buckfastleigh,87,2
Ashburton/Buckfastleigh,88,3
Ashburton/Buckfastleigh,89,3
Ashburton/Buckfastleigh,9,70
Ashburton/Buckfastleigh,90,4
Ashburton/Buckfastleigh,91,1
Ashburton/Buckfastleigh,92,3
Ashburton/Buckfastleigh,93,1
Ashburton/Buckfastleigh,94,1
Ashburton/Buckfastleigh,95,4
Ashburton/Buckfastleigh,98,2
Ashburton/Buckfastleigh,99,2
Axminster,,561
Axminster,0,6
Axminster,1,17
Axminster,10,82
Axminster,101,1
Axminster,103,2
Axminster,11,90
Axminster,114,1
Axminster,115,2
Axminster,116,3
Axminster,12,99
Axminster,13,89
Axminster,14,83
Axminster,15,67
Axminster,16,43
Axminster,17,44
Axminster,18,46
Axminster,19,34
Axminster,2,35
Axminster,20,37
Axminster,21,38
Axminster,22,24
Axminster,23,29
Axminster,24,46
Axminster,25,36
Axminster,26,37
Axminster,27,34
Axminster,28,98
Axminster,29,41
Axminster,3,51
Axminster,30,31
Axminster,31,36
Axminster,32,39
Axminster,33,37
Axminster,34,31
Axminster,35,54
Axminster,36,37
Axminster,37,42
Axminster,38,36
Axminster,39,33
Axminster,4,64
Axminster,40,47
Axminster,41,36
Axminster,42,61
Axminster,43,36
Axminster,44,46
Axminster,45,61
Axminster,46,54
Axminster,47,53
Axminster,48,42
Axminster,49,36
Axminster,5,70
Axminster,50,40
Axminster,51,50
Axminster,52,51
Axminster,53,37
Axminster,54,45
Axminster,55,29
Axminster,56,35
Axminster,57,37
Axminster,58,15
Axminster,59,36
Axminster,6,80
Axminster,60,42
Axminster,61,44
Axminster,62,45
Axminster,63,49
Axminster,64,37
Axminster,65,48
Axminster,66,58
Axminster,67,56
Axminster,68,45
Axminster,69,83
Axminster,7,81
Axminster,70,59
Axminster,71,50
Axminster,72,46
Axminster,73,39
Axminster,74,49
Axminster,75,36
Axminster,76,33
Axminster,77,31
Axminster,78,28
Axminster,79,29
Axminster,8,98
Axminster,80,26
Axminster,81,18
Axminster,82,11
Axminster,83,12
Axminster,84,13
Axminster,85,15
Axminster,86,14
Axminster,87,10
Axminster,88,6
Axminster,89,8
Axminster,9,96
Axminster,90,8
Axminster,91,4
Axminster,92,4
Axminster,93,6
Axminster,94,1
Axminster,95,1
Axminster,96,3
Axminster,97,1
Axminster,99,1
Barnstaple,,1277
Barnstaple,0,27
Barnstaple,1,66
Barnstaple,10,370
Barnstaple,102,2
Barnstaple,106,1
Barnstaple,11,333
Barnstaple,113,2
Barnstaple,114,3
Barnstaple,115,2
Barnstaple,116,3
Barnstaple,12,367
Barnstaple,13,293
Barnstaple,14,271
Barnstaple,15,234
Barnstaple,16,213
Barnstaple,17,207
Barnstaple,18,250
Barnstaple,19,230
Barnstaple,2,126
Barnstaple,20,242
Barnstaple,21,194
Barnstaple,22,258
Barnstaple,23,220
Barnstaple,24,214
Barnstaple,25,262
Barnstaple,26,278
Barnstaple,27,264
Barnstaple,28,280
Barnstaple,29,278
Barnstaple,3,190
Barnstaple,30,279
Barnstaple,31,252
Barnstaple,32,256
Barnstaple,33,260
Barnstaple,34,240
Barnstaple,35,237
Barnstaple,36,228
Barnstaple,37,226
Barnstaple,38,233
Barnstaple,39,230
Barnstaple,4,264
Barnstaple,40,226
Barnstaple,41,201
Barnstaple,42,192
Barnstaple,43,198
Barnstaple,44,225
Barnstaple,45,230
Barnstaple,46,219
Barnstaple,47,225
Barnstaple,48,199
Barnstaple,49,207
Barnstaple,5,277
Barnstaple,50,166
Barnstaple,51,180
Barnstaple,52,182
Barnstaple,53,179
Barnstaple,54,147
Barnstaple,55,128
Barnstaple,56,174
Barnstaple,57,141
Barnstaple,58,137
Barnstaple,59,108
Barnstaple,6,328
Barnstaple,60,142
Barnstaple,61,134
Barnstaple,62,139
Barnstaple,63,146
Barnstaple,64,144
Barnstaple,65,160
Barnstaple,66,124
Barnstaple,67,186
Barnstaple,68,167
Barnstaple,69,199
Barnstaple,7,340
Barnstaple,70,172
Barnstaple,71,140
Barnstaple,72,148
Barnstaple,73,148
Barnstaple,74,126
Barnstaple,75,103
Barnstaple,76,88
Barnstaple,77,99
Barnstaple,78,86
Barnstaple,79,91
Barnstaple,8,314
Barnstaple,80,88
Barnstaple,81,73
Barnstaple,82,62
Barnstaple,83,54
Barnstaple,84,50
Barnstaple,85,39
Barnstaple,86,47
Barnstaple,87,27
Barnstaple,88,25
Barnstaple,89,25
Barnstaple,9,361
Barnstaple,90,26
Barnstaple,91,22
Barnstaple,92,7
Barnstaple,93,6
Barnstaple,94,8
Barnstaple,95,6
Barnstaple,96,12
Barnstaple,97,5
Barnstaple,98,1
Barnstaple,99,1
Bideford/Northam,,1075
Bideford/Northam,0,14
Bideford/Northam,1,69
Bideford/Northam,10,235
Bideford/Northam,100,2
Bideford/Northam,11,277
Bideford/Northam,115,2
Bideford/Northam,116,6
Bideford/Northam,12,223
Bideford/Northam,13,231
Bideford/Northam,14,186
Bideford/Northam,15,146
Bideford/Northam,16,136
Bideford/Northam,17,150
Bideford/Northam,18,134
Bideford/Northam,19,151
Bideford/Northam,2,100
Bideford/Northam,20,154
Bideford/Northam,21,154
Bideford/Northam,22,155
Bideford/Northam,23,121
Bideford/Northam,24,148
Bideford/Northam,25,155
Bideford/Northam,26,184
Bideford/Northam,27,153
Bideford/Northam,28,256
Bideford/Northam,29,172
Bideford/Northam,3,156
Bideford/Northam,30,145
Bideford/Northam,31,147
Bideford/Northam,32,138
Bideford/Northam,33,127
Bideford/Northam,34,112
Bideford/Northam,35,141
Bideford/Northam,36,145
Bideford/Northam,37,158
Bideford/Northam,38,141
Bideford/Northam,39,162
Bideford/Northam,4,222
Bideford/Northam,40,163
Bideford/Northam,41,134
Bideford/Northam,42,151
Bideford/Northam,43,127
Bideford/Northam,44,131
Bideford/Northam,45,145
Bideford/Northam,46,136
Bideford/Northam,47,123
Bideford/Northam,48,132
Bideford/Northam,49,115
Bideford/Northam,5,226
Bideford/Northam,50,134
Bideford/Northam,51,103
Bideford/Northam,52,121
Bideford/Northam,53,141
Bideford/Northam,54,128
Bideford/Northam,55,118
Bideford/Northam,56,132
Bideford/Northam,57,106
Bideford/Northam,58,109
Bideford/Northam,59,101
Bideford/Northam,6,245
Bideford/Northam,60,126
Bideford/Northam,61,116
Bideford/Northam,62,124
Bideford/Northam,63,142
Bideford/Northam,64,142
Bideford/Northam,65,157
Bideford/Northam,66,194
Bideford/Northam,67,178
Bideford/Northam,68,140
Bideford/Northam,69,190
Bideford/Northam,7,251
Bideford/Northam,70,169
Bideford/Northam,71,129
Bideford/Northam,72,116
Bideford/Northam,73,107
Bideford/Northam,74,110
Bideford/Northam,75,80
Bideford/Northam,76,71
Bideford/Northam,77,67
Bideford/Northam,78,60
Bideford/Northam,79,71
Bideford/Northam,8,281
Bideford/Northam,80,51
Bideford/Northam,81,63
Bideford/Northam,82,37
Bideford/Northam,83,38
Bideford/Northam,84,47
Bideford/Northam,85,39
Bideford/Northam,86,32
Bideford/Northam,87,25
Bideford/Northam,88,16
Bideford/Northam,89,15
Bideford/Northam,9,248
Bideford/Northam,90,15
Bideford/Northam,91,14
Bideford/Northam,92,7
Bideford/Northam,93,3
Bideford/Northam,94,7
Bideford/Northam,95,5
Bideford/Northam,96,4
Bideford/Northam,97,3
Bideford/Northam,98,1
Bideford/Northam,99,1
Braunton,,493
Braunton,0,4
Braunton,1,23
Braunton,10,118
Braunton,11,105
Braunton,115,2
Braunton,116,2
Braunton,12,102
Braunton,13,92
Braunton,14,67
Braunton,15,61
Braunton,16,46
Braunton,17,59
Braunton,18,52
Braunton,19,41
Braunton,2,52
Braunton,20,45
Braunton,21,40
Braunton,22,48
Braunton,23,48
Braunton,24,41
Braunton,25,34
Braunton,26,38
Braunton,27,45
Braunton,28,55
Braunton,29,44
Braunton,3,77
Braunton,30,75
Braunton,31,79
Braunton,32,63
Braunton,33,55
Braunton,34,68
Braunton,35,67
Braunton,36,72
Braunton,37,72
Braunton,38,72
Braunton,39,74
Braunton,4,80
Braunton,40,65
Braunton,41,71
Braunton,42,76
Braunton,43,68
Braunton,44,60
Braunton,45,70
Braunton,46,59
Braunton,47,63
Braunton,48,49
Braunton,49,44
Braunton,5,109
Braunton,50,67
Braunton,51,39
Braunton,52,37
Braunton,53,52
Braunton,54,30
Braunton,55,36
Braunton,56,29
Braunton,57,46
Braunton,58,34
Braunton,59,39
Braunton,6,135
Braunton,60,28
Braunton,61,27
Braunton,62,37
Braunton,63,30
Braunton,64,36
Braunton,65,44
Braunton,66,45
Braunton,67,35
Braunton,68,55
Braunton,69,46
Braunton,7,132
Braunton,70,52
Braunton,71,39
Braunton,72,46
Braunton,73,44
Braunton,74,36
Braunton,75,26
Braunton,76,35
Braunton,77,28
Braunton,78,33
Braunton,79,26
Braunton,8,130
Braunton,80,19
Braunton,81,20
Braunton,82,23
Braunton,83,18
Braunton,84,20
Braunton,85,17
Braunton,86,22
Braunton,87,7
Braunton,88,3
Braunton,89,8
Braunton,9,116
Braunton,90,11
Braunton,91,8
Braunton,92,1
Braunton,93,5
Braunton,94,1
Braunton,95,3
Braunton,96,2
Crediton,,564
Crediton,0,15
Crediton,1,37
Crediton,10,181
Crediton,101,1
Crediton,11,154
Crediton,112,1
Crediton,113,1
Crediton,116,3
Crediton,12,140
Crediton,13,150
Crediton,14,122
Crediton,15,115
Crediton,16,101
Crediton,17,112
Crediton,18,94
Crediton,19,99
Crediton,2,78
Crediton,20,79
Crediton,21,95
Crediton,22,97
Crediton,23,71
Crediton,24,79
Crediton,25,82
Crediton,26,96
Crediton,27,74
Crediton,28,114
Crediton,29,81
Crediton,3,112
Crediton,30,78
Crediton,31,85
Crediton,32,87
Crediton,33,93
Crediton,34,74
Crediton,35,89
Crediton,36,95
Crediton,37,87
Crediton,38,103
Crediton,39,79
Crediton,4,124
Crediton,40,94
Crediton,41,105
Crediton,42,100
Crediton,43,74
Crediton,44,81
Crediton,45,78
Crediton,46,105
Crediton,47,82
Crediton,48,86
Crediton,49,83
Crediton,5,158
Crediton,50,85
Crediton,51,88
Crediton,52,79
Crediton,53,68
Crediton,54,72
Crediton,55,53
Crediton,56,66
Crediton,57,59
Crediton,58,59
Crediton,59,52
Crediton,6,158
Crediton,60,43
Crediton,61,61
Crediton,62,56
Crediton,63,86
Crediton,64,72
Crediton,65,66
Crediton,66,57
Crediton,67,91
Crediton,68,70
Crediton,69,86
Crediton,7,172
Crediton,70,77
Crediton,71,70
Crediton,72,60
Crediton,73,43
Crediton,74,44
Crediton,75,37
Crediton,76,27
Crediton,77,40
Crediton,78,47
Crediton,79,35
Crediton,8,144
Crediton,80,34
Crediton,81,16
Crediton,82,18
Crediton,83,20
Crediton,84,21
Crediton,85,19
Crediton,86,20
Crediton,87,16
Crediton,88,5
Crediton,89,11
Crediton,9,166
Crediton,90,9
Crediton,91,6
Crediton,92,5
Crediton,93,4
Crediton,94,1
Crediton,95,1
Crediton,96,1
Crediton,97,2
Crediton,98,1
Cullompton,,453
Cullompton,0,14
Cullompton,1,53
Cullompton,10,202
Cullompton,103,1
Cullompton,11,193
Cullompton,112,1
Cullompton,113,3
Cullompton,114,1
Cullompton,115,1
Cullompton,116,6
Cullompton,12,199
Cullompton,13,150
Cullompton,14,145
Cullompton,15,137
Cullompton,16,108
Cullompton,17,116
Cullompton,18,116
Cullompton,19,88
Cullompton,2,79
Cullompton,20,102
Cullompton,21,87
Cullompton,22,92
Cullompton,23,74
Cullompton,24,85
Cullompton,25,98
Cullompton,26,94
Cullompton,27,98
Cullompton,28,105
Cullompton,29,86
Cullompton,3,105
Cullompton,30,107
Cullompton,31,122
Cullompton,32,91
Cullompton,33,111
Cullompton,34,117
Cullompton,35,107
Cullompton,36,105
Cullompton,37,107
Cullompton,38,94
Cullompton,39,86
Cullompton,4,147
Cullompton,40,111
Cullompton,41,93
Cullompton,42,83
Cullompton,43,107
Cullompton,44,90
Cullompton,45,92
Cullompton,46,99
Cullompton,47,93
Cullompton,48,87
Cullompton,49,80
Cullompton,5,173
Cullompton,50,95
Cullompton,51,79
Cullompton,52,62
Cullompton,53,76
Cullompton,54,69
Cullompton,55,54
Cullompton,56,76
Cullompton,57,90
Cullompton,58,61
Cullompton,59,40
Cullompton,6,167
Cullompton,60,74
Cullompton,61,60
Cullompton,62,44
Cullompton,63,76
Cullompton,64,71
Cullompton,65,60
Cullompton,66,77
Cullompton,67,72
Cullompton,68,75
Cullompton,69,77
Cullompton,7,202
Cullompton,70,61
Cullompton,71,48
Cullompton,72,66
Cullompton,73,63
Cullompton,74,41
Cullompton,75,31
Cullompton,76,35
Cullompton,77,33
Cullompton,78,43
Cullompton,79,33
Cullompton,8,200
Cullompton,80,30
Cullompton,81,33
Cullompton,82,19
Cullompton,83,15
Cullompton,84,27
Cullompton,85,12
Cullompton,86,21
Cullompton,87,14
Cullompton,88,18
Cullompton,89,7
Cullompton,9,200
Cullompton,90,7
Cullompton,91,8
Cullompton,92,8
Cullompton,93,1
Cullompton,94,8
Cullompton,95,4
Cullompton,96,2
Cullompton,97,1
Cullompton,98,1
Cullompton,99,1
Dartmouth,,465
Dartmouth,0,3
Dartmouth,1,20
Dartmouth,10,83
Dartmouth,100,1
Dartmouth,101,1
Dartmouth,11,66
Dartmouth,12,66
Dartmouth,13,70
Dartmouth,14,64
Dartmouth,15,54
Dartmouth,16,50
Dartmouth,17,41
Dartmouth,18,37
Dartmouth,19,46
Dartmouth,2,22
Dartmouth,20,51
Dartmouth,21,29
Dartmouth,22,33
Dartmouth,23,32
Dartmouth,24,38
Dartmouth,25,39
Dartmouth,26,46
Dartmouth,27,50
Dartmouth,28,48
Dartmouth,29,53
Dartmouth,3,38
Dartmouth,30,51
Dartmouth,31,52
Dartmouth,32,43
Dartmouth,33,43
Dartmouth,34,49
Dartmouth,35,42
Dartmouth,36,47
Dartmouth,37,44
Dartmouth,38,37
Dartmouth,39,41
Dartmouth,4,48
Dartmouth,40,51
Dartmouth,41,36
Dartmouth,42,40
Dartmouth,43,47
Dartmouth,44,47
Dartmouth,45,56
Dartmouth,46,58
Dartmouth,47,45
Dartmouth,48,53
Dartmouth,49,54
Dartmouth,5,60
Dartmouth,50,51
Dartmouth,51,53
Dartmouth,52,47
Dartmouth,53,55
Dartmouth,54,39
Dartmouth,55,53
Dartmouth,56,70
Dartmouth,57,63
Dartmouth,58,47
Dartmouth,59,37
Dartmouth,6,62
Dartmouth,60,42
Dartmouth,61,64
Dartmouth,62,57
Dartmouth,63,59
Dartmouth,64,82
Dartmouth,65,60
Dartmouth,66,68
Dartmouth,67,76
Dartmouth,68,75
Dartmouth,69,93
Dartmouth,7,46
Dartmouth,70,88
Dartmouth,71,70
Dartmouth,72,62
Dartmouth,73,51
Dartmouth,74,48
Dartmouth,75,42
Dartmouth,76,44
Dartmouth,77,53
Dartmouth,78,36
Dartmouth,79,31
Dartmouth,8,69
Dartmouth,80,22
Dartmouth,81,14
Dartmouth,82,25
Dartmouth,83,20
Dartmouth,84,24
Dartmouth,85,19
Dartmouth,86,20
Dartmouth,87,14
Dartmouth,88,8
Dartmouth,89,13
Dartmouth,9,61
Dartmouth,90,7
Dartmouth,91,6
Dartmouth,92,9
Dartmouth,93,3
Dartmouth,94,4
Dartmouth,95,2
Dartmouth,96,3
Dartmouth,97,1
Dartmouth,98,2
Dawlish,,524
Dawlish,0,7
Dawlish,1,35
Dawlish,10,113
Dawlish,100,1
Dawlish,11,115
Dawlish,114,2
Dawlish,115,1
Dawlish,116,1
Dawlish,12,124
Dawlish,13,91
Dawlish,14,82
Dawlish,15,72
Dawlish,16,62
Dawlish,17,84
Dawlish,18,76
Dawlish,19,61
Dawlish,2,43
Dawlish,20,81
Dawlish,21,70
Dawlish,22,73
Dawlish,23,58
Dawlish,24,63
Dawlish,25,65
Dawlish,26,72
Dawlish,27,63
Dawlish,28,105
Dawlish,29,74
Dawlish,3,55
Dawlish,30,90
Dawlish,31,77
Dawlish,32,83
Dawlish,33,82
Dawlish,34,89
Dawlish,35,60
Dawlish,36,70
Dawlish,37,69
Dawlish,38,61
Dawlish,39,81
Dawlish,4,74
Dawlish,40,56
Dawlish,41,62
Dawlish,42,72
Dawlish,43,70
Dawlish,44,69
Dawlish,45,70
Dawlish,46,66
Dawlish,47,65
Dawlish,48,71
Dawlish,49,60
Dawlish,5,70
Dawlish,50,67
Dawlish,51,60
Dawlish,52,79
Dawlish,53,71
Dawlish,54,53
Dawlish,55,66
Dawlish,56,53
Dawlish,57,67
Dawlish,58,77
Dawlish,59,69
Dawlish,6,77
Dawlish,60,59
Dawlish,61,75
Dawlish,62,64
Dawlish,63,86
Dawlish,64,89
Dawlish,65,78
Dawlish,66,93
Dawlish,67,79
Dawlish,68,78
Dawlish,69,90
Dawlish,7,75
Dawlish,70,72
Dawlish,71,84
Dawlish,72,80
Dawlish,73,66
Dawlish,74,48
Dawlish,75,62
Dawlish,76,34
Dawlish,77,57
Dawlish,78,44
Dawlish,79,31
Dawlish,8,87
Dawlish,80,33
Dawlish,81,30
Dawlish,82,32
Dawlish,83,37
Dawlish,84,16
Dawlish,85,19
Dawlish,86,23
Dawlish,87,25
Dawlish,88,18
Dawlish,89,21
Dawlish,9,86
Dawlish,90,14
Dawlish,91,9
Dawlish,92,9
Dawlish,93,3
Dawlish,94,4
Dawlish,95,3
Dawlish,96,6
Dawlish,97,2
Dawlish,98,2
Exeter,,566
Exeter,0,26
Exeter,1,52
Exeter,10,123
Exeter,11,126
Exeter,112,2
Exeter,113,1
Exeter,115,3
Exeter,116,2
Exeter,12,134
Exeter,13,92
Exeter,14,78
Exeter,15,73
Exeter,16,48
Exeter,17,67
Exeter,18,74
Exeter,19,77
Exeter,2,80
Exeter,20,69
Exeter,21,69
Exeter,22,55
Exeter,23,64
Exeter,24,51
Exeter,25,55
Exeter,26,62
Exeter,27,57
Exeter,28,74
Exeter,29,69
Exeter,3,115
Exeter,30,59
Exeter,31,56
Exeter,32,82
Exeter,33,62
Exeter,34,62
Exeter,35,78
Exeter,36,81
Exeter,37,86
Exeter,38,86
Exeter,39,85
Exeter,4,115
Exeter,40,75
Exeter,41,83
Exeter,42,88
Exeter,43,81
Exeter,44,73
Exeter,45,83
Exeter,46,78
Exeter,47,73
Exeter,48,62
Exeter,49,65
Exeter,5,113
Exeter,50,66
Exeter,51,52
Exeter,52,40
Exeter,53,48
Exeter,54,42
Exeter,55,60
Exeter,56,40
Exeter,57,41
Exeter,58,51
Exeter,59,41
Exeter,6,148
Exeter,60,48
Exeter,61,47
Exeter,62,50
Exeter,63,32
Exeter,64,63
Exeter,65,66
Exeter,66,74
Exeter,67,67
Exeter,68,75
Exeter,69,73
Exeter,7,118
Exeter,70,65
Exeter,71,55
Exeter,72,61
Exeter,73,50
Exeter,74,56
Exeter,75,33
Exeter,76,40
Exeter,77,35
Exeter,78,38
Exeter,79,29
Exeter,8,142
Exeter,80,26
Exeter,81,20
Exeter,82,22
Exeter,83,17
Exeter,84,13
Exeter,85,19
Exeter,86,18
Exeter,87,13
Exeter,88,11
Exeter,89,14
Exeter,9,140
Exeter,90,8
Exeter,91,8
Exeter,92,4
Exeter,93,2
Exeter,94,2
Exeter,96,2
Exeter,97,2
Exmouth,,2415
Exmouth,0,25
Exmouth,1,98
Exmouth,10,326
Exmouth,100,1
Exmouth,102,1
Exmouth,106,1
Exmouth,11,348
Exmouth,112,1
Exmouth,113,1
Exmouth,115,4
Exmouth,116,7
Exmouth,12,287
Exmouth,13,268
Exmouth,14,216
Exmouth,15,217
Exmouth,16,199
Exmouth,17,205
Exmouth,18,214
Exmouth,19,216
Exmouth,2,159
Exmouth,20,192
Exmouth,21,231
Exmouth,22,198
Exmouth,23,184
Exmouth,24,225
Exmouth,25,252
Exmouth,26,188
Exmouth,27,212
Exmouth,28,241
Exmouth,29,210
Exmouth,3,199
Exmouth,30,228
Exmouth,31,212
Exmouth,32,198
Exmouth,33,241
Exmouth,34,199
Exmouth,35,217
Exmouth,36,227
Exmouth,37,217
Exmouth,38,242
Exmouth,39,191
Exmouth,4,250
Exmouth,40,234
Exmouth,41,170
Exmouth,42,213
Exmouth,43,212
Exmouth,44,200
Exmouth,45,196
Exmouth,46,189
Exmouth,47,210
Exmouth,48,176
Exmouth,49,203
Exmouth,5,271
Exmouth,50,181
Exmouth,51,197
Exmouth,52,164
Exmouth,53,203
Exmouth,54,177
Exmouth,55,168
Exmouth,56,180
Exmouth,57,170
Exmouth,58,167
Exmouth,59,186
Exmouth,6,333
Exmouth,60,178
Exmouth,61,186
Exmouth,62,178
Exmouth,63,206
Exmouth,64,229
Exmouth,65,215
Exmouth,66,231
Exmouth,67,246
Exmouth,68,243
Exmouth,69,232
Exmouth,7,362
Exmouth,70,202
Exmouth,71,194
Exmouth,72,216
Exmouth,73,150
Exmouth,74,163
Exmouth,75,108
Exmouth,76,137
Exmouth,77,111
Exmouth,78,110
Exmouth,79,73
Exmouth,8,392
Exmouth,80,88
Exmouth,81,84
Exmouth,82,61
Exmouth,83,60
Exmouth,84,57
Exmouth,85,51
Exmouth,86,49
Exmouth,87,39
Exmouth,88,40
Exmouth,89,23
Exmouth,9,378
Exmouth,90,21
Exmouth,91,21
Exmouth,92,10
Exmouth,93,9
Exmouth,94,9
Exmouth,95,4
Exmouth,96,9
Exmouth,97,3
Exmouth,98,1
Exmouth,99,3
Great Torrington,,420
Great Torrington,0,8
Great Torrington,1,26
Great Torrington,10,76
Great Torrington,11,101
Great Torrington,113,1
Great Torrington,12,78
Great Torrington,13,66
Great Torrington,14,62
Great Torrington,15,46
Great Torrington,16,50
Great Torrington,17,43
Great Torrington,18,43
Great Torrington,19,45
Great Torrington,2,29
Great Torrington,20,45
Great Torrington,21,43
Great Torrington,22,40
Great Torrington,23,35
Great Torrington,24,33
Great Torrington,25,52
Great Torrington,26,51
Great Torrington,27,35
Great Torrington,28,115
Great Torrington,29,36
Great Torrington,3,60
Great Torrington,30,34
Great Torrington,31,37
Great Torrington,32,41
Great Torrington,33,32
Great Torrington,34,40
Great Torrington,35,40
Great Torrington,36,62
Great Torrington,37,52
Great Torrington,38,33
Great Torrington,39,28
Great Torrington,4,71
Great Torrington,40,39
Great Torrington,41,49
Great Torrington,42,34
Great Torrington,43,38
Great Torrington,44,40
Great Torrington,45,33
Great Torrington,46,48
Great Torrington,47,44
Great Torrington,48,40
Great Torrington,49,45
Great Torrington,5,79
Great Torrington,50,37
Great Torrington,51,35
Great Torrington,52,31
Great Torrington,53,36
Great Torrington,54,20
Great Torrington,55,35
Great Torrington,56,36
Great Torrington,57,34
Great Torrington,58,50
Great Torrington,59,54
Great Torrington,6,76
Great Torrington,60,51
Great Torrington,61,33
Great Torrington,62,47
Great Torrington,63,53
Great Torrington,64,42
Great Torrington,65,53
Great Torrington,66,54
Great Torrington,67,52
Great Torrington,68,41
Great Torrington,69,60
Great Torrington,7,94
Great Torrington,70,54
Great Torrington,71,47
Great Torrington,72,37
Great Torrington,73,27
Great Torrington,74,29
Great Torrington,75,23
Great Torrington,76,27
Great Torrington,77,19
Great Torrington,78,24
Great Torrington,79,14
Great Torrington,8,83
Great Torrington,80,19
Great Torrington,81,16
Great Torrington,82,7
Great Torrington,83,13
Great Torrington,84,8
Great Torrington,86,10
Great Torrington,87,12
Great Torrington,88,5
Great Torrington,89,6
Great Torrington,9,81
Great Torrington,90,1
Great Torrington,91,2
Great Torrington,92,1
Great Torrington,93,4
Great Torrington,94,3
Great Torrington,95,1
Great Torrington,96,3
Great Torrington,97,2
Holsworthy,,396
Holsworthy,0,2
Holsworthy,1,9
Holsworthy,10,75
Holsworthy,101,1
Holsworthy,104,1
Holsworthy,11,68
Holsworthy,113,1
Holsworthy,116,1
Holsworthy,12,80
Holsworthy,13,59
Holsworthy,14,76
Holsworthy,15,48
Holsworthy,16,51
Holsworthy,17,50
Holsworthy,18,31
Holsworthy,19,35
Holsworthy,2,14
Holsworthy,20,32
Holsworthy,21,30
Holsworthy,22,41
Holsworthy,23,32
Holsworthy,24,31
Holsworthy,25,30
Holsworthy,26,38
Holsworthy,27,25
Holsworthy,28,38
Holsworthy,29,21
Holsworthy,3,37
Holsworthy,30,31
Holsworthy,31,32
Holsworthy,32,29
Holsworthy,33,33
Holsworthy,34,22
Holsworthy,35,28
Holsworthy,36,38
Holsworthy,37,40
Holsworthy,38,28
Holsworthy,39,22
Holsworthy,4,44
Holsworthy,40,36
Holsworthy,41,41
Holsworthy,42,25
Holsworthy,43,35
Holsworthy,44,34
Holsworthy,45,36
Holsworthy,46,30
Holsworthy,47,38
Holsworthy,48,30
Holsworthy,49,39
Holsworthy,5,58
Holsworthy,50,25
Holsworthy,51,28
Holsworthy,52,22
Holsworthy,53,25
Holsworthy,54,29
Holsworthy,55,28
Holsworthy,56,36
Holsworthy,57,40
Holsworthy,58,31
Holsworthy,59,24
Holsworthy,6,68
Holsworthy,60,29
Holsworthy,61,38
Holsworthy,62,34
Holsworthy,63,32
Holsworthy,64,39
Holsworthy,65,39
Holsworthy,66,58
Holsworthy,67,39
Holsworthy,68,46
Holsworthy,69,54
Holsworthy,7,62
Holsworthy,70,38
Holsworthy,71,39
Holsworthy,72,38
Holsworthy,73,31
Holsworthy,74,22
Holsworthy,75,19
Holsworthy,76,14
Holsworthy,77,24
Holsworthy,78,14
Holsworthy,79,22
Holsworthy,8,61
Holsworthy,80,11
Holsworthy,81,8
Holsworthy,82,10
Holsworthy,83,10
Holsworthy,84,12
Holsworthy,85,14
Holsworthy,86,7
Holsworthy,87,5
Holsworthy,88,5
Holsworthy,89,4
Holsworthy,9,77
Holsworthy,90,5
Holsworthy,91,6
Holsworthy,92,3
Holsworthy,93,2
Holsworthy,94,1
Holsworthy,95,3
Holsworthy,98,1
Honiton,,522
Honiton,0,7
Honiton,1,25
Honiton,10,116
Honiton,11,110
Honiton,113,1
Honiton,114,1
Honiton,116,2
Honiton,12,121
Honiton,13,95
Honiton,14,83
Honiton,15,91
Honiton,16,56
Honiton,17,64
Honiton,18,84
Honiton,19,52
Honiton,2,43
Honiton,20,64
Honiton,21,72
Honiton,22,66
Honiton,23,46
Honiton,24,76
Honiton,25,72
Honiton,26,58
Honiton,27,78
Honiton,28,141
Honiton,29,54
Honiton,3,72
Honiton,30,72
Honiton,31,71
Honiton,32,66
Honiton,33,59
Honiton,34,67
Honiton,35,59
Honiton,36,75
Honiton,37,69
Honiton,38,68
Honiton,39,50
Honiton,4,100
Honiton,40,56
Honiton,41,70
Honiton,42,51
Honiton,43,61
Honiton,44,60
Honiton,45,65
Honiton,46,59
Honiton,47,78
Honiton,48,50
Honiton,49,56
Honiton,5,104
Honiton,50,63
Honiton,51,57
Honiton,52,43
Honiton,53,40
Honiton,54,55
Honiton,55,45
Honiton,56,66
Honiton,57,54
Honiton,58,57
Honiton,59,48
Honiton,6,130
Honiton,60,52
Honiton,61,36
Honiton,62,41
Honiton,63,48
Honiton,64,51
Honiton,65,52
Honiton,66,60
Honiton,67,57
Honiton,68,85
Honiton,69,75
Honiton,7,108
Honiton,70,85
Honiton,71,68
Honiton,72,64
Honiton,73,50
Honiton,74,44
Honiton,75,45
Honiton,76,32
Honiton,77,46
Honiton,78,38
Honiton,79,41
Honiton,8,114
Honiton,80,46
Honiton,81,31
Honiton,82,29
Honiton,83,25
Honiton,84,31
Honiton,85,27
Honiton,86,31
Honiton,87,14
Honiton,88,16
Honiton,89,17
Honiton,9,89
Honiton,90,9
Honiton,91,5
Honiton,92,6
Honiton,93,6
Honiton,94,1
Honiton,95,4
Honiton,96,5
Honiton,99,2
Ilfracombe,,595
Ilfracombe,0,11
Ilfracombe,1,25
Ilfracombe,10,149
Ilfracombe,102,1
Ilfracombe,106,1
Ilfracombe,11,139
Ilfracombe,112,1
Ilfracombe,115,1
Ilfracombe,116,1
Ilfracombe,12,161
Ilfracombe,13,135
Ilfracombe,14,104
Ilfracombe,15,93
Ilfracombe,16,89
Ilfracombe,17,94
Ilfracombe,18,102
Ilfracombe,19,87
Ilfracombe,2,50
Ilfracombe,20,86
Ilfracombe,21,92
Ilfracombe,22,93
Ilfracombe,23,100
Ilfracombe,24,81
Ilfracombe,25,79
Ilfracombe,26,94
Ilfracombe,27,91
Ilfracombe,28,114
Ilfracombe,29,95
Ilfracombe,3,65
Ilfracombe,30,107
Ilfracombe,31,94
Ilfracombe,32,82
Ilfracombe,33,81
Ilfracombe,34,99
Ilfracombe,35,90
Ilfracombe,36,101
Ilfracombe,37,92
Ilfracombe,38,87
Ilfracombe,39,94
Ilfracombe,4,101
Ilfracombe,40,86
Ilfracombe,41,86
Ilfracombe,42,105
Ilfracombe,43,85
Ilfracombe,44,107
Ilfracombe,45,96
Ilfracombe,46,96
Ilfracombe,47,83
Ilfracombe,48,68
Ilfracombe,49,64
Ilfracombe,5,114
Ilfracombe,50,86
Ilfracombe,51,65
Ilfracombe,52,86
Ilfracombe,53,63
Ilfracombe,54,58
Ilfracombe,55,53
Ilfracombe,56,81
Ilfracombe,57,49
Ilfracombe,58,72
Ilfracombe,59,80
Ilfracombe,6,124
Ilfracombe,60,80
Ilfracombe,61,81
Ilfracombe,62,65
Ilfracombe,63,80
Ilfracombe,64,69
Ilfracombe,65,81
Ilfracombe,66,75
Ilfracombe,67,84
Ilfracombe,68,89
Ilfracombe,69,89
Ilfracombe,7,136
Ilfracombe,70,63
Ilfracombe,71,62
Ilfracombe,72,65
Ilfracombe,73,43
Ilfracombe,74,39
Ilfracombe,75,27
Ilfracombe,76,33
Ilfracombe,77,36
Ilfracombe,78,32
Ilfracombe,79,24
Ilfracombe,8,143
Ilfracombe,80,24
Ilfracombe,81,23
Ilfracombe,82,19
Ilfracombe,83,12
Ilfracombe,84,16
Ilfracombe,85,17
Ilfracombe,86,18
Ilfracombe,87,19
Ilfracombe,88,9
Ilfracombe,89,8
Ilfracombe,9,136
Ilfracombe,90,5
Ilfracombe,91,10
Ilfracombe,92,6
Ilfracombe,93,5
Ilfracombe,94,3
Ilfracombe,95,5
Ilfracombe,96,2
Ilfracombe,97,2
Ilfracombe,98,3
Ilfracombe,99,1
Ivybridge,,662
Ivybridge,0,9
Ivybridge,1,44
Ivybridge,10,237
Ivybridge,100,2
Ivybridge,11,207
Ivybridge,114,2
Ivybridge,115,1
Ivybridge,116,2
Ivybridge,12,193
Ivybridge,13,193
Ivybridge,14,179
Ivybridge,15,155
Ivybridge,16,160
Ivybridge,17,145
Ivybridge,18,149
Ivybridge,19,135
Ivybridge,2,78
Ivybridge,20,123
Ivybridge,21,120
Ivybridge,22,98
Ivybridge,23,96
Ivybridge,24,102
Ivybridge,25,80
Ivybridge,26,96
Ivybridge,27,86
Ivybridge,28,117
Ivybridge,29,71
Ivybridge,3,94
Ivybridge,30,73
Ivybridge,31,110
Ivybridge,32,85
Ivybridge,33,100
Ivybridge,34,101
Ivybridge,35,108
Ivybridge,36,107
Ivybridge,37,103
Ivybridge,38,108
Ivybridge,39,114
Ivybridge,4,136
Ivybridge,40,121
Ivybridge,41,116
Ivybridge,42,127
Ivybridge,43,121
Ivybridge,44,136
Ivybridge,45,143
Ivybridge,46,124
Ivybridge,47,121
Ivybridge,48,141
Ivybridge,49,112
Ivybridge,5,152
Ivybridge,50,119
Ivybridge,51,116
Ivybridge,52,127
Ivybridge,53,79
Ivybridge,54,106
Ivybridge,55,88
Ivybridge,56,108
Ivybridge,57,107
Ivybridge,58,100
Ivybridge,59,82
Ivybridge,6,182
Ivybridge,60,108
Ivybridge,61,88
Ivybridge,62,80
Ivybridge,63,90
Ivybridge,64,81
Ivybridge,65,98
Ivybridge,66,109
Ivybridge,67,120
Ivybridge,68,89
Ivybridge,69,119
Ivybridge,7,203
Ivybridge,70,112
Ivybridge,71,89
Ivybridge,72,87
Ivybridge,73,91
Ivybridge,74,74
Ivybridge,75,58
Ivybridge,76,47
Ivybridge,77,59
Ivybridge,78,51
Ivybridge,79,42
Ivybridge,8,205
Ivybridge,80,46
Ivybridge,81,33
Ivybridge,82,34
Ivybridge,83,28
Ivybridge,84,27
Ivybridge,85,33
Ivybridge,86,16
Ivybridge,87,21
Ivybridge,88,12
Ivybridge,89,14
Ivybridge,9,211
Ivybridge,90,13
Ivybridge,91,10
Ivybridge,92,12
Ivybridge,93,8
Ivybridge,94,7
Ivybridge,95,6
Ivybridge,96,3
Ivybridge,98,1
Kingsbridge,,776
Kingsbridge,0,8
Kingsbridge,1,28
Kingsbridge,10,109
Kingsbridge,100,2
Kingsbridge,104,1
Kingsbridge,11,126
Kingsbridge,112,2
Kingsbridge,116,1
Kingsbridge,12,105
Kingsbridge,13,106
Kingsbridge,14,98
Kingsbridge,15,79
Kingsbridge,16,72
Kingsbridge,17,54
Kingsbridge,18,64
Kingsbridge,19,53
Kingsbridge,2,51
Kingsbridge,20,54
Kingsbridge,21,45
Kingsbridge,22,44
Kingsbridge,23,61
Kingsbridge,24,54
Kingsbridge,25,59
Kingsbridge,26,73
Kingsbridge,27,59
Kingsbridge,28,102
Kingsbridge,29,58
Kingsbridge,3,71
Kingsbridge,30,55
Kingsbridge,31,51
Kingsbridge,32,72
Kingsbridge,33,65
Kingsbridge,34,62
Kingsbridge,35,65
Kingsbridge,36,85
Kingsbridge,37,61
Kingsbridge,38,58
Kingsbridge,39,74
Kingsbridge,4,97
Kingsbridge,40,70
Kingsbridge,41,60
Kingsbridge,42,65
Kingsbridge,43,77
Kingsbridge,44,77
Kingsbridge,45,79
Kingsbridge,46,77
Kingsbridge,47,96
Kingsbridge,48,62
Kingsbridge,49,79
Kingsbridge,5,99
Kingsbridge,50,68
Kingsbridge,51,56
Kingsbridge,52,65
Kingsbridge,53,66
Kingsbridge,54,67
Kingsbridge,55,48
Kingsbridge,56,90
Kingsbridge,57,56
Kingsbridge,58,81
Kingsbridge,59,75
Kingsbridge,6,116
Kingsbridge,60,61
Kingsbridge,61,73
Kingsbridge,62,71
Kingsbridge,63,79
Kingsbridge,64,94
Kingsbridge,65,93
Kingsbridge,66,100
Kingsbridge,67,90
Kingsbridge,68,88
Kingsbridge,69,132
Kingsbridge,7,121
Kingsbridge,70,97
Kingsbridge,71,81
Kingsbridge,72,101
Kingsbridge,73,76
Kingsbridge,74,68
Kingsbridge,75,63
Kingsbridge,76,68
Kingsbridge,77,49
Kingsbridge,78,65
Kingsbridge,79,41
Kingsbridge,8,102
Kingsbridge,80,45
Kingsbridge,81,52
Kingsbridge,82,37
Kingsbridge,83,34
Kingsbridge,84,39
Kingsbridge,85,38
Kingsbridge,86,27
Kingsbridge,87,23
Kingsbridge,88,23
Kingsbridge,89,23
Kingsbridge,9,121
Kingsbridge,90,17
Kingsbridge,91,18
Kingsbridge,92,11
Kingsbridge,93,6
Kingsbridge,94,7
Kingsbridge,95,6
Kingsbridge,96,7
Kingsbridge,97,2
Kingsbridge,98,3
Kingsbridge,99,3
Lynton and Lynmouth,,84
Lynton and Lynmouth,10,19
Lynton and Lynmouth,11,16
Lynton and Lynmouth,12,10
Lynton and Lynmouth,13,18
Lynton and Lynmouth,14,17
Lynton and Lynmouth,15,11
Lynton and Lynmouth,16,14
Lynton and Lynmouth,17,15
Lynton and Lynmouth,18,23
Lynton and Lynmouth,19,11
Lynton and Lynmouth,2,4
Lynton and Lynmouth,20,11
Lynton and Lynmouth,21,12
Lynton and Lynmouth,22,8
Lynton and Lynmouth,23,11
Lynton and Lynmouth,24,6
Lynton and Lynmouth,25,8
Lynton and Lynmouth,26,8
Lynton and Lynmouth,27,19
Lynton and Lynmouth,28,15
Lynton and Lynmouth,29,10
Lynton and Lynmouth,3,3
Lynton and Lynmouth,30,5
Lynton and Lynmouth,31,15
Lynton and Lynmouth,32,8
Lynton and Lynmouth,33,8
Lynton and Lynmouth,34,8
Lynton and Lynmouth,35,14
Lynton and Lynmouth,36,5
Lynton and Lynmouth,37,20
Lynton and Lynmouth,38,8
Lynton and Lynmouth,39,5
Lynton and Lynmouth,4,8
Lynton and Lynmouth,40,10
Lynton and Lynmouth,41,12
Lynton and Lynmouth,42,9
Lynton and Lynmouth,43,13
Lynton and Lynmouth,44,4
Lynton and Lynmouth,45,8
Lynton and Lynmouth,46,6
Lynton and Lynmouth,47,12
Lynton and Lynmouth,48,12
Lynton and Lynmouth,49,6
Lynton and Lynmouth,5,8
Lynton and Lynmouth,50,8
Lynton and Lynmouth,51,3
Lynton and Lynmouth,52,16
Lynton and Lynmouth,53,9
Lynton and Lynmouth,54,6
Lynton and Lynmouth,55,5
Lynton and Lynmouth,56,8
Lynton and Lynmouth,57,10
Lynton and Lynmouth,58,8
Lynton and Lynmouth,59,4
Lynton and Lynmouth,6,10
Lynton and Lynmouth,60,13
Lynton and Lynmouth,61,10
Lynton and Lynmouth,62,12
Lynton and Lynmouth,63,10
Lynton and Lynmouth,64,11
Lynton and Lynmouth,65,13
Lynton and Lynmouth,66,15
Lynton and Lynmouth,67,16
Lynton and Lynmouth,68,21
Lynton and Lynmouth,69,17
Lynton and Lynmouth,7,9
Lynton and Lynmouth,70,17
Lynton and Lynmouth,71,13
Lynton and Lynmouth,72,11
Lynton and Lynmouth,73,7
Lynton and Lynmouth,74,5
Lynton and Lynmouth,75,2
Lynton and Lynmouth,76,7
Lynton and Lynmouth,77,5
Lynton and Lynmouth,78,5
Lynton and Lynmouth,79,9
Lynton and Lynmouth,8,12
Lynton and Lynmouth,80,3
Lynton and Lynmouth,81,1
Lynton and Lynmouth,82,2
Lynton and Lynmouth,83,2
Lynton and Lynmouth,84,1
Lynton and Lynmouth,85,5
Lynton and Lynmouth,86,2
Lynton and Lynmouth,87,2
Lynton and Lynmouth,88,3
Lynton and Lynmouth,89,1
Lynton and Lynmouth,9,9
Lynton and Lynmouth,91,1
Lynton and Lynmouth,98,1
Moretonhampstead,,154
Moretonhampstead,1,9
Moretonhampstead,10,24
Moretonhampstead,100,1
Moretonhampstead,11,33
Moretonhampstead,116,1
Moretonhampstead,12,24
Moretonhampstead,13,28
Moretonhampstead,14,23
Moretonhampstead,15,23
Moretonhampstead,16,16
Moretonhampstead,17,14
Moretonhampstead,18,16
Moretonhampstead,19,16
Moretonhampstead,2,13
Moretonhampstead,20,14
Moretonhampstead,21,11
Moretonhampstead,22,14
Moretonhampstead,23,6
Moretonhampstead,24,13
Moretonhampstead,25,13
Moretonhampstead,26,12
Moretonhampstead,27,7
Moretonhampstead,28,8
Moretonhampstead,29,12
Moretonhampstead,3,20
Moretonhampstead,30,5
Moretonhampstead,31,11
Moretonhampstead,32,15
Moretonhampstead,33,8
Moretonhampstead,34,16
Moretonhampstead,35,14
Moretonhampstead,36,15
Moretonhampstead,37,15
Moretonhampstead,38,13
Moretonhampstead,39,15
Moretonhampstead,4,12
Moretonhampstead,40,17
Moretonhampstead,41,20
Moretonhampstead,42,16
Moretonhampstead,43,17
Moretonhampstead,44,18
Moretonhampstead,45,17
Moretonhampstead,46,19
Moretonhampstead,47,11
Moretonhampstead,48,12
Moretonhampstead,49,11
Moretonhampstead,5,29
Moretonhampstead,50,5
Moretonhampstead,51,14
Moretonhampstead,52,11
Moretonhampstead,53,18
Moretonhampstead,54,12
Moretonhampstead,55,13
Moretonhampstead,56,18
Moretonhampstead,57,15
Moretonhampstead,58,12
Moretonhampstead,59,13
Moretonhampstead,6,21
Moretonhampstead,60,11
Moretonhampstead,61,16
Moretonhampstead,62,17
Moretonhampstead,63,19
Moretonhampstead,64,13
Moretonhampstead,65,13
Moretonhampstead,66,15
Moretonhampstead,67,20
Moretonhampstead,68,23
Moretonhampstead,69,32
Moretonhampstead,7,31
Moretonhampstead,70,25
Moretonhampstead,71,18
Moretonhampstead,72,14
Moretonhampstead,73,13
Moretonhampstead,74,13
Moretonhampstead,75,3
Moretonhampstead,76,6
Moretonhampstead,77,12
Moretonhampstead,78,12
Moretonhampstead,79,5
Moretonhampstead,8,29
Moretonhampstead,80,5
Moretonhampstead,81,9
Moretonhampstead,82,7
Moretonhampstead,83,5
Moretonhampstead,84,2
Moretonhampstead,85,2
Moretonhampstead,86,7
Moretonhampstead,87,3
Moretonhampstead,88,2
Moretonhampstead,89,1
Moretonhampstead,9,24
Moretonhampstead,90,4
Moretonhampstead,91,3
Moretonhampstead,92,3
Moretonhampstead,93,2
Moretonhampstead,94,1
Moretonhampstead,95,2
Moretonhampstead,96,2
Newton Abbot,,1859
Newton Abbot,0,40
Newton Abbot,1,107
Newton Abbot,10,516
Newton Abbot,100,1
Newton Abbot,101,2
Newton Abbot,102,1
Newton Abbot,103,1
Newton Abbot,105,1
Newton Abbot,106,1
Newton Abbot,11,524
Newton Abbot,112,2
Newton Abbot,113,3
Newton Abbot,114,1
Newton Abbot,115,3
Newton Abbot,116,10
Newton Abbot,12,486
Newton Abbot,13,435
Newton Abbot,14,309
Newton Abbot,15,342
Newton Abbot,16,272
Newton Abbot,17,287
Newton Abbot,18,274
Newton Abbot,19,269
Newton Abbot,2,172
Newton Abbot,20,253
Newton Abbot,21,241
Newton Abbot,22,254
Newton Abbot,23,207
Newton Abbot,24,213
Newton Abbot,25,272
Newton Abbot,26,253
Newton Abbot,27,272
Newton Abbot,28,282
Newton Abbot,29,267
Newton Abbot,3,288
Newton Abbot,30,248
Newton Abbot,31,261
Newton Abbot,32,240
Newton Abbot,33,260
Newton Abbot,34,250
Newton Abbot,35,263
Newton Abbot,36,277
Newton Abbot,37,294
Newton Abbot,38,268
Newton Abbot,39,258
Newton Abbot,4,363
Newton Abbot,40,256
Newton Abbot,41,237
Newton Abbot,42,265
Newton Abbot,43,247
Newton Abbot,44,279
Newton Abbot,45,259
Newton Abbot,46,229
Newton Abbot,47,199
Newton Abbot,48,247
Newton Abbot,49,237
Newton Abbot,5,411
Newton Abbot,50,233
Newton Abbot,51,225
Newton Abbot,52,212
Newton Abbot,53,196
Newton Abbot,54,194
Newton Abbot,55,188
Newton Abbot,56,200
Newton Abbot,57,160
Newton Abbot,58,171
Newton Abbot,59,171
Newton Abbot,6,473
Newton Abbot,60,208
Newton Abbot,61,185
Newton Abbot,62,192
Newton Abbot,63,206
Newton Abbot,64,204
Newton Abbot,65,192
Newton Abbot,66,222
Newton Abbot,67,220
Newton Abbot,68,236
Newton Abbot,69,273
Newton Abbot,7,537
Newton Abbot,70,243
Newton Abbot,71,212
Newton Abbot,72,205
Newton Abbot,73,178
Newton Abbot,74,176
Newton Abbot,75,127
Newton Abbot,76,115
Newton Abbot,77,118
Newton Abbot,78,118
Newton Abbot,79,93
Newton Abbot,8,508
Newton Abbot,80,104
Newton Abbot,81,99
Newton Abbot,82,72
Newton Abbot,83,86
Newton Abbot,84,55
Newton Abbot,85,62
Newton Abbot,86,71
Newton Abbot,87,39
Newton Abbot,88,45
Newton Abbot,89,29
Newton Abbot,9,537
Newton Abbot,90,24
Newton Abbot,91,19
Newton Abbot,92,24
Newton Abbot,93,23
Newton Abbot,94,13
Newton Abbot,95,12
Newton Abbot,96,9
Newton Abbot,97,6
Newton Abbot,98,4
Okehampton,,720
Okehampton,0,23
Okehampton,1,56
Okehampton,10,162
Okehampton,11,178
Okehampton,115,1
Okehampton,116,2
Okehampton,12,173
Okehampton,13,141
Okehampton,14,123
Okehampton,15,126
Okehampton,16,99
Okehampton,17,92
Okehampton,18,130
Okehampton,19,88
Okehampton,2,106
Okehampton,20,83
Okehampton,21,84
Okehampton,22,82
Okehampton,23,79
Okehampton,24,93
Okehampton,25,90
Okehampton,26,82
Okehampton,27,98
Okehampton,28,111
Okehampton,29,88
Okehampton,3,116
Okehampton,30,68
Okehampton,31,91
Okehampton,32,93
Okehampton,33,115
Okehampton,34,107
Okehampton,35,98
Okehampton,36,144
Okehampton,37,121
Okehampton,38,86
Okehampton,39,121
Okehampton,4,174
Okehampton,40,92
Okehampton,41,97
Okehampton,42,103
Okehampton,43,104
Okehampton,44,98
Okehampton,45,101
Okehampton,46,91
Okehampton,47,91
Okehampton,48,106
Okehampton,49,103
Okehampton,5,159
Okehampton,50,78
Okehampton,51,97
Okehampton,52,82
Okehampton,53,93
Okehampton,54,77
Okehampton,55,88
Okehampton,56,97
Okehampton,57,76
Okehampton,58,70
Okehampton,59,91
Okehampton,6,169
Okehampton,60,85
Okehampton,61,84
Okehampton,62,69
Okehampton,63,71
Okehampton,64,88
Okehampton,65,82
Okehampton,66,75
Okehampton,67,93
Okehampton,68,106
Okehampton,69,121
Okehampton,7,179
Okehampton,70,98
Okehampton,71,67
Okehampton,72,81
Okehampton,73,90
Okehampton,74,68
Okehampton,75,54
Okehampton,76,50
Okehampton,77,59
Okehampton,78,40
Okehampton,79,47
Okehampton,8,180
Okehampton,80,34
Okehampton,81,26
Okehampton,82,40
Okehampton,83,19
Okehampton,84,29
Okehampton,85,22
Okehampton,86,22
Okehampton,87,17
Okehampton,88,13
Okehampton,89,11
Okehampton,9,201
Okehampton,90,16
Okehampton,91,6
Okehampton,92,6
Okehampton,93,5
Okehampton,94,1
Okehampton,95,1
Okehampton,96,2
Okehampton,97,2
Okehampton,99,1
Ottery St Mary,,483
Ottery St Mary,0,7
Ottery St Mary,1,23
Ottery St Mary,10,107
Ottery St Mary,106,2
Ottery St Mary,11,127
Ottery St Mary,116,1
Ottery St Mary,12,118
Ottery St Mary,13,95
Ottery St Mary,14,97
Ottery St Mary,15,84
Ottery St Mary,16,84
Ottery St Mary,17,66
Ottery St Mary,18,73
Ottery St Mary,19,76
Ottery St Mary,2,35
Ottery St Mary,20,53
Ottery St Mary,21,50
Ottery St Mary,22,59
Ottery St Mary,23,39
Ottery St Mary,24,41
Ottery St Mary,25,39
Ottery St Mary,26,37
Ottery St Mary,27,37
Ottery St Mary,28,52
Ottery St Mary,29,38
Ottery St Mary,3,52
Ottery St Mary,30,31
Ottery St Mary,31,38
Ottery St Mary,32,37
Ottery St Mary,33,29
Ottery St Mary,34,39
Ottery St Mary,35,44
Ottery St Mary,36,42
Ottery St Mary,37,53
Ottery St Mary,38,52
Ottery St Mary,39,49
Ottery St Mary,4,78
Ottery St Mary,40,71
Ottery St Mary,41,61
Ottery St Mary,42,74
Ottery St Mary,43,57
Ottery St Mary,44,66
Ottery St Mary,45,67
Ottery St Mary,46,46
Ottery St Mary,47,61
Ottery St Mary,48,50
Ottery St Mary,49,45
Ottery St Mary,5,103
Ottery St Mary,50,50
Ottery St Mary,51,46
Ottery St Mary,52,43
Ottery St Mary,53,46
Ottery St Mary,54,50
Ottery St Mary,55,41
Ottery St Mary,56,46
Ottery St Mary,57,45
Ottery St Mary,58,45
Ottery St Mary,59,38
Ottery St Mary,6,86
Ottery St Mary,60,37
Ottery St Mary,61,38
Ottery St Mary,62,33
Ottery St Mary,63,54
Ottery St Mary,64,33
Ottery St Mary,65,46
Ottery St Mary,66,42
Ottery St Mary,67,62
Ottery St Mary,68,50
Ottery St Mary,69,71
Ottery St Mary,7,109
Ottery St Mary,70,54
Ottery St Mary,71,40
Ottery St Mary,72,61
Ottery St Mary,73,35
Ottery St Mary,74,42
Ottery St Mary,75,26
Ottery St Mary,76,31
Ottery St Mary,77,24
Ottery St Mary,78,18
Ottery St Mary,79,20
Ottery St Mary,8,128
Ottery St Mary,80,25
Ottery St Mary,81,19
Ottery St Mary,82,12
Ottery St Mary,83,12
Ottery St Mary,84,17
Ottery St Mary,85,15
Ottery St Mary,86,14
Ottery St Mary,87,12
Ottery St Mary,88,9
Ottery St Mary,89,7
Ottery St Mary,9,134
Ottery St Mary,90,4
Ottery St Mary,91,4
Ottery St Mary,92,3
Ottery St Mary,93,1
Ottery St Mary,94,3
Ottery St Mary,96,1
Ottery St Mary,97,3
Ottery St Mary,99,1
Outside DCC - Torbay,,13
Outside DCC - Torbay,10,4
Outside DCC - Torbay,11,2
Outside DCC - Torbay,12,1
Outside DCC - Torbay,13,1
Outside DCC - Torbay,14,4
Outside DCC - Torbay,15,2
Outside DCC - Torbay,16,3
Outside DCC - Torbay,17,3
Outside DCC - Torbay,18,2
Outside DCC - Torbay,19,1
Outside DCC - Torbay,20,2
Outside DCC - Torbay,21,2
Outside DCC - Torbay,22,2
Outside DCC - Torbay,23,3
Outside DCC - Torbay,24,2
Outside DCC - Torbay,25,1
Outside DCC - Torbay,26,5
Outside DCC - Torbay,27,4
Outside DCC - Torbay,28,7
Outside DCC - Torbay,29,2
Outside DCC - Torbay,30,1
Outside DCC - Torbay,31,4
Outside DCC - Torbay,33,1
Outside DCC - Torbay,34,1
Outside DCC - Torbay,35,1
Outside DCC - Torbay,36,2
Outside DCC - Torbay,37,1
Outside DCC - Torbay,38,2
Outside DCC - Torbay,39,1
Outside DCC - Torbay,41,2
Outside DCC - Torbay,42,4
Outside DCC - Torbay,43,4
Outside DCC - Torbay,44,2
Outside DCC - Torbay,45,3
Outside DCC - Torbay,46,3
Outside DCC - Torbay,47,4
Outside DCC - Torbay,48,4
Outside DCC - Torbay,49,3
Outside DCC - Torbay,5,2
Outside DCC - Torbay,50,5
Outside DCC - Torbay,51,6
Outside DCC - Torbay,52,3
Outside DCC - Torbay,53,7
Outside DCC - Torbay,54,2
Outside DCC - Torbay,55,3
Outside DCC - Torbay,56,6
Outside DCC - Torbay,57,6
Outside DCC - Torbay,58,3
Outside DCC - Torbay,59,1
Outside DCC - Torbay,6,2
Outside DCC - Torbay,60,7
Outside DCC - Torbay,61,3
Outside DCC - Torbay,62,5
Outside DCC - Torbay,63,4
Outside DCC - Torbay,64,2
Outside DCC - Torbay,65,5
Outside DCC - Torbay,66,3
Outside DCC - Torbay,67,2
Outside DCC - Torbay,68,4
Outside DCC - Torbay,69,2
Outside DCC - Torbay,7,2
Outside DCC - Torbay,70,7
Outside DCC - Torbay,72,4
Outside DCC - Torbay,73,4
Outside DCC - Torbay,74,5
Outside DCC - Torbay,75,2
Outside DCC - Torbay,76,2
Outside DCC - Torbay,77,1
Outside DCC - Torbay,78,1
Outside DCC - Torbay,8,1
Outside DCC - Torbay,80,2
Outside DCC - Torbay,82,1
Outside DCC - Torbay,85,1
Outside DCC - Torbay,86,1
Outside DCC - Torbay,87,1
Outside DCC - Torbay,9,1
Seaton,,884
Seaton,0,3
Seaton,1,17
Seaton,10,83
Seaton,104,1
Seaton,106,1
Seaton,11,83
Seaton,116,3
Seaton,12,84
Seaton,13,75
Seaton,14,89
Seaton,15,73
Seaton,16,63
Seaton,17,60
Seaton,18,83
Seaton,19,71
Seaton,2,26
Seaton,20,69
Seaton,21,55
Seaton,22,57
Seaton,23,53
Seaton,24,49
Seaton,25,47
Seaton,26,49
Seaton,27,37
Seaton,28,63
Seaton,29,38
Seaton,3,31
Seaton,30,37
Seaton,31,29
Seaton,32,44
Seaton,33,31
Seaton,34,52
Seaton,35,40
Seaton,36,53
Seaton,37,43
Seaton,38,43
Seaton,39,33
Seaton,4,60
Seaton,40,48
Seaton,41,51
Seaton,42,55
Seaton,43,43
Seaton,44,53
Seaton,45,41
Seaton,46,58
Seaton,47,49
Seaton,48,43
Seaton,49,49
Seaton,5,70
Seaton,50,48
Seaton,51,46
Seaton,52,50
Seaton,53,58
Seaton,54,44
Seaton,55,53
Seaton,56,47
Seaton,57,49
Seaton,58,51
Seaton,59,45
Seaton,6,73
Seaton,60,58
Seaton,61,52
Seaton,62,72
Seaton,63,71
Seaton,64,71
Seaton,65,66
Seaton,66,74
Seaton,67,82
Seaton,68,98
Seaton,69,99
Seaton,7,65
Seaton,70,103
Seaton,71,73
Seaton,72,62
Seaton,73,70
Seaton,74,61
Seaton,75,51
Seaton,76,68
Seaton,77,44
Seaton,78,49
Seaton,79,42
Seaton,8,88
Seaton,80,31
Seaton,81,24
Seaton,82,27
Seaton,83,19
Seaton,84,22
Seaton,85,19
Seaton,86,17
Seaton,87,23
Seaton,88,11
Seaton,89,14
Seaton,9,72
Seaton,90,9
Seaton,91,4
Seaton,92,12
Seaton,93,3
Seaton,94,3
Seaton,95,4
Seaton,96,4
Seaton,99,2
Sidmouth,,1219
Sidmouth,0,6
Sidmouth,1,32
Sidmouth,10,113
Sidmouth,100,3
Sidmouth,102,1
Sidmouth,11,112
Sidmouth,112,1
Sidmouth,114,1
Sidmouth,116,3
Sidmouth,12,85
Sidmouth,13,93
Sidmouth,14,61
Sidmouth,15,70
Sidmouth,16,85
Sidmouth,17,51
Sidmouth,18,64
Sidmouth,19,70
Sidmouth,2,45
Sidmouth,20,66
Sidmouth,21,54
Sidmouth,22,60
Sidmouth,23,57
Sidmouth,24,68
Sidmouth,25,65
Sidmouth,26,79
Sidmouth,27,56
Sidmouth,28,108
Sidmouth,29,64
Sidmouth,3,75
Sidmouth,30,73
Sidmouth,31,49
Sidmouth,32,57
Sidmouth,33,46
Sidmouth,34,67
Sidmouth,35,56
Sidmouth,36,65
Sidmouth,37,65
Sidmouth,38,60
Sidmouth,39,58
Sidmouth,4,66
Sidmouth,40,75
Sidmouth,41,48
Sidmouth,42,57
Sidmouth,43,66
Sidmouth,44,57
Sidmouth,45,73
Sidmouth,46,69
Sidmouth,47,71
Sidmouth,48,64
Sidmouth,49,54
Sidmouth,5,86
Sidmouth,50,56
Sidmouth,51,69
Sidmouth,52,69
Sidmouth,53,61
Sidmouth,54,52
Sidmouth,55,81
Sidmouth,56,61
Sidmouth,57,66
Sidmouth,58,74
Sidmouth,59,68
Sidmouth,6,90
Sidmouth,60,80
Sidmouth,61,65
Sidmouth,62,81
Sidmouth,63,103
Sidmouth,64,93
Sidmouth,65,104
Sidmouth,66,139
Sidmouth,67,133
Sidmouth,68,131
Sidmouth,69,142
Sidmouth,7,87
Sidmouth,70,113
Sidmouth,71,96
Sidmouth,72,122
Sidmouth,73,110
Sidmouth,74,86
Sidmouth,75,84
Sidmouth,76,74
Sidmouth,77,85
Sidmouth,78,79
Sidmouth,79,68
Sidmouth,8,96
Sidmouth,80,65
Sidmouth,81,65
Sidmouth,82,50
Sidmouth,83,51
Sidmouth,84,46
Sidmouth,85,44
Sidmouth,86,45
Sidmouth,87,40
Sidmouth,88,26
Sidmouth,89,30
Sidmouth,9,91
Sidmouth,90,23
Sidmouth,91,16
Sidmouth,92,9
Sidmouth,93,9
Sidmouth,94,16
Sidmouth,95,12
Sidmouth,96,7
Sidmouth,97,3
Sidmouth,98,1
South Molton,,261
South Molton,0,3
South Molton,1,21
South Molton,10,120
South Molton,102,1
South Molton,11,113
South Molton,112,2
South Molton,113,1
South Molton,116,2
South Molton,12,107
South Molton,13,83
South Molton,14,67
South Molton,15,67
South Molton,16,52
South Molton,17,76
South Molton,18,63
South Molton,19,64
South Molton,2,39
South Molton,20,63
South Molton,21,58
South Molton,22,67
South Molton,23,64
South Molton,24,78
South Molton,25,51
South Molton,26,45
South Molton,27,77
South Molton,28,161
South Molton,29,44
South Molton,3,55
South Molton,30,58
South Molton,31,73
South Molton,32,58
South Molton,33,49
South Molton,34,59
South Molton,35,60
South Molton,36,74
South Molton,37,59
South Molton,38,44
South Molton,39,46
South Molton,4,80
South Molton,40,62
South Molton,41,56
South Molton,42,56
South Molton,43,41
South Molton,44,61
South Molton,45,53
South Molton,46,54
South Molton,47,63
South Molton,48,53
South Molton,49,40
South Molton,5,90
South Molton,50,52
South Molton,51,61
South Molton,52,40
South Molton,53,50
South Molton,54,53
South Molton,55,40
South Molton,56,51
South Molton,57,50
South Molton,58,44
South Molton,59,43
South Molton,6,76
South Molton,60,37
South Molton,61,43
South Molton,62,51
South Molton,63,43
South Molton,64,52
South Molton,65,56
South Molton,66,48
South Molton,67,56
South Molton,68,62
South Molton,69,73
South Molton,7,103
South Molton,70,56
South Molton,71,51
South Molton,72,52
South Molton,73,43
South Molton,74,33
South Molton,75,22
South Molton,76,35
South Molton,77,27
South Molton,78,22
South Molton,79,31
South Molton,8,91
South Molton,80,16
South Molton,81,24
South Molton,82,15
South Molton,83,17
South Molton,84,20
South Molton,85,13
South Molton,86,17
South Molton,87,11
South Molton,88,10
South Molton,89,7
South Molton,9,94
South Molton,90,12
South Molton,91,5
South Molton,92,7
South Molton,93,2
South Molton,94,4
South Molton,95,2
South Molton,96,2
South Molton,98,2
South Molton,99,1
Tavistock,,767
Tavistock,0,25
Tavistock,1,47
Tavistock,10,223
Tavistock,100,2
Tavistock,101,1
Tavistock,105,1
Tavistock,11,185
Tavistock,113,3
Tavistock,114,1
Tavistock,115,3
Tavistock,116,3
Tavistock,12,213
Tavistock,13,191
Tavistock,14,158
Tavistock,15,148
Tavistock,16,125
Tavistock,17,130
Tavistock,18,150
Tavistock,19,129
Tavistock,2,88
Tavistock,20,130
Tavistock,21,119
Tavistock,22,127
Tavistock,23,88
Tavistock,24,85
Tavistock,25,95
Tavistock,26,96
Tavistock,27,89
Tavistock,28,146
Tavistock,29,99
Tavistock,3,108
Tavistock,30,113
Tavistock,31,101
Tavistock,32,104
Tavistock,33,101
Tavistock,34,88
Tavistock,35,105
Tavistock,36,116
Tavistock,37,114
Tavistock,38,111
Tavistock,39,99
Tavistock,4,132
Tavistock,40,99
Tavistock,41,109
Tavistock,42,120
Tavistock,43,120
Tavistock,44,138
Tavistock,45,126
Tavistock,46,137
Tavistock,47,123
Tavistock,48,104
Tavistock,49,103
Tavistock,5,186
Tavistock,50,119
Tavistock,51,119
Tavistock,52,114
Tavistock,53,89
Tavistock,54,98
Tavistock,55,116
Tavistock,56,140
Tavistock,57,88
Tavistock,58,108
Tavistock,59,87
Tavistock,6,197
Tavistock,60,97
Tavistock,61,118
Tavistock,62,125
Tavistock,63,121
Tavistock,64,103
Tavistock,65,108
Tavistock,66,130
Tavistock,67,128
Tavistock,68,123
Tavistock,69,139
Tavistock,7,225
Tavistock,70,145
Tavistock,71,106
Tavistock,72,126
Tavistock,73,83
Tavistock,74,83
Tavistock,75,72
Tavistock,76,119
Tavistock,77,70
Tavistock,78,52
Tavistock,79,45
Tavistock,8,213
Tavistock,80,48
Tavistock,81,50
Tavistock,82,34
Tavistock,83,41
Tavistock,84,35
Tavistock,85,30
Tavistock,86,21
Tavistock,87,30
Tavistock,88,21
Tavistock,89,14
Tavistock,9,246
Tavistock,90,18
Tavistock,91,20
Tavistock,92,8
Tavistock,93,6
Tavistock,94,10
Tavistock,95,6
Tavistock,96,3
Tavistock,97,3
Tavistock,98,4
Tavistock,99,1
Teignmouth,,645
Teignmouth,0,8
Teignmouth,1,29
Teignmouth,10,149
Teignmouth,100,1
Teignmouth,101,1
Teignmouth,11,129
Teignmouth,114,1
Teignmouth,116,3
Teignmouth,12,97
Teignmouth,13,100
Teignmouth,14,102
Teignmouth,15,73
Teignmouth,16,52
Teignmouth,17,72
Teignmouth,18,67
Teignmouth,19,77
Teignmouth,2,42
Teignmouth,20,72
Teignmouth,21,72
Teignmouth,22,79
Teignmouth,23,77
Teignmouth,24,92
Teignmouth,25,62
Teignmouth,26,83
Teignmouth,27,64
Teignmouth,28,148
Teignmouth,29,61
Teignmouth,3,86
Teignmouth,30,76
Teignmouth,31,82
Teignmouth,32,93
Teignmouth,33,86
Teignmouth,34,78
Teignmouth,35,73
Teignmouth,36,96
Teignmouth,37,82
Teignmouth,38,85
Teignmouth,39,72
Teignmouth,4,98
Teignmouth,40,75
Teignmouth,41,74
Teignmouth,42,85
Teignmouth,43,86
Teignmouth,44,87
Teignmouth,45,105
Teignmouth,46,89
Teignmouth,47,79
Teignmouth,48,81
Teignmouth,49,65
Teignmouth,5,108
Teignmouth,50,66
Teignmouth,51,69
Teignmouth,52,83
Teignmouth,53,61
Teignmouth,54,66
Teignmouth,55,55
Teignmouth,56,68
Teignmouth,57,68
Teignmouth,58,72
Teignmouth,59,73
Teignmouth,6,123
Teignmouth,60,64
Teignmouth,61,81
Teignmouth,62,78
Teignmouth,63,80
Teignmouth,64,96
Teignmouth,65,82
Teignmouth,66,92
Teignmouth,67,102
Teignmouth,68,81
Teignmouth,69,112
Teignmouth,7,130
Teignmouth,70,98
Teignmouth,71,74
Teignmouth,72,68
Teignmouth,73,62
Teignmouth,74,53
Teignmouth,75,47
Teignmouth,76,46
Teignmouth,77,31
Teignmouth,78,32
Teignmouth,79,37
Teignmouth,8,136
Teignmouth,80,27
Teignmouth,81,25
Teignmouth,82,30
Teignmouth,83,18
Teignmouth,84,30
Teignmouth,85,19
Teignmouth,86,12
Teignmouth,87,13
Teignmouth,88,18
Teignmouth,89,10
Teignmouth,9,128
Teignmouth,90,9
Teignmouth,91,7
Teignmouth,92,5
Teignmouth,93,6
Teignmouth,94,3
Teignmouth,95,3
Teignmouth,96,2
Teignmouth,97,5
Teignmouth,99,2
Tiverton,,1148
Tiverton,0,19
Tiverton,1,67
Tiverton,10,330
Tiverton,11,295
Tiverton,114,1
Tiverton,115,4
Tiverton,116,5
Tiverton,12,244
Tiverton,13,273
Tiverton,14,219
Tiverton,15,207
Tiverton,16,180
Tiverton,17,191
Tiverton,18,202
Tiverton,19,150
Tiverton,2,98
Tiverton,20,178
Tiverton,21,138
Tiverton,22,155
Tiverton,23,147
Tiverton,24,160
Tiverton,25,171
Tiverton,26,141
Tiverton,27,159
Tiverton,28,229
Tiverton,29,175
Tiverton,3,140
Tiverton,30,162
Tiverton,31,186
Tiverton,32,174
Tiverton,33,162
Tiverton,34,168
Tiverton,35,178
Tiverton,36,183
Tiverton,37,149
Tiverton,38,158
Tiverton,39,146
Tiverton,4,200
Tiverton,40,153
Tiverton,41,139
Tiverton,42,149
Tiverton,43,113
Tiverton,44,154
Tiverton,45,167
Tiverton,46,144
Tiverton,47,161
Tiverton,48,145
Tiverton,49,135
Tiverton,5,223
Tiverton,50,141
Tiverton,51,133
Tiverton,52,135
Tiverton,53,116
Tiverton,54,104
Tiverton,55,88
Tiverton,56,104
Tiverton,57,99
Tiverton,58,94
Tiverton,59,107
Tiverton,6,254
Tiverton,60,106
Tiverton,61,102
Tiverton,62,122
Tiverton,63,122
Tiverton,64,130
Tiverton,65,95
Tiverton,66,110
Tiverton,67,128
Tiverton,68,142
Tiverton,69,126
Tiverton,7,279
Tiverton,70,133
Tiverton,71,118
Tiverton,72,95
Tiverton,73,106
Tiverton,74,97
Tiverton,75,82
Tiverton,76,68
Tiverton,77,66
Tiverton,78,76
Tiverton,79,59
Tiverton,8,279
Tiverton,80,45
Tiverton,81,60
Tiverton,82,47
Tiverton,83,31
Tiverton,84,35
Tiverton,85,37
Tiverton,86,37
Tiverton,87,22
Tiverton,88,17
Tiverton,89,23
Tiverton,9,320
Tiverton,90,22
Tiverton,91,18
Tiverton,92,7
Tiverton,93,10
Tiverton,94,6
Tiverton,95,4
Tiverton,96,3
Tiverton,97,1
Tiverton,98,2
Totnes,,525
Totnes,0,9
Totnes,1,38
Totnes,10,159
Totnes,100,1
Totnes,106,1
Totnes,11,139
Totnes,112,4
Totnes,115,1
Totnes,116,2
Totnes,12,170
Totnes,13,159
Totnes,14,153
Totnes,15,112
Totnes,16,120
Totnes,17,116
Totnes,18,88
Totnes,19,93
Totnes,2,54
Totnes,20,89
Totnes,21,81
Totnes,22,80
Totnes,23,89
Totnes,24,82
Totnes,25,76
Totnes,26,73
Totnes,27,85
Totnes,28,107
Totnes,29,99
Totnes,3,88
Totnes,30,90
Totnes,31,92
Totnes,32,85
Totnes,33,111
Totnes,34,89
Totnes,35,109
Totnes,36,103
Totnes,37,107
Totnes,38,116
Totnes,39,119
Totnes,4,95
Totnes,40,142
Totnes,41,116
Totnes,42,122
Totnes,43,126
Totnes,44,105
Totnes,45,131
Totnes,46,139
Totnes,47,117
Totnes,48,126
Totnes,49,142
Totnes,5,104
Totnes,50,109
Totnes,51,113
Totnes,52,117
Totnes,53,113
Totnes,54,92
Totnes,55,104
Totnes,56,103
Totnes,57,97
Totnes,58,105
Totnes,59,100
Totnes,6,123
Totnes,60,104
Totnes,61,78
Totnes,62,112
Totnes,63,99
Totnes,64,107
Totnes,65,112
Totnes,66,114
Totnes,67,99
Totnes,68,96
Totnes,69,125
Totnes,7,133
Totnes,70,91
Totnes,71,72
Totnes,72,67
Totnes,73,87
Totnes,74,46
Totnes,75,41
Totnes,76,67
Totnes,77,32
Totnes,78,37
Totnes,79,27
Totnes,8,150
Totnes,80,34
Totnes,81,32
Totnes,82,28
Totnes,83,21
Totnes,84,30
Totnes,85,16
Totnes,86,15
Totnes,87,18
Totnes,88,20
Totnes,89,14
Totnes,9,173
Totnes,90,12
Totnes,91,9
Totnes,92,6
Totnes,93,7
Totnes,95,4
Totnes,97,1
Totnes,98,1
no location,,6310
no location,0,33
no location,1,46
no location,10,58
no location,101,1
no location,11,55
no location,116,6
no location,12,62
no location,13,59
no location,14,58
no location,15,68
no location,16,67
no location,17,79
no location,18,90
no location,19,45
no location,2,44
no location,20,59
no location,21,52
no location,22,56
no location,23,68
no location,24,76
no location,25,65
no location,26,81
no location,27,75
no location,28,86
no location,29,63
no location,3,56
no location,30,54
no location,31,57
no location,32,47
no location,33,58
no location,34,49
no location,35,50
no location,36,57
no location,37,39
no location,38,34
no location,39,42
no location,4,61
no location,40,49
no location,41,33
no location,42,34
no location,43,50
no location,44,51
no location,45,37
no location,46,49
no location,47,37
no location,48,37
no location,49,48
no location,5,46
no location,50,61
no location,51,51
no location,52,43
no location,53,52
no location,54,52
no location,55,45
no location,56,61
no location,57,62
no location,58,46
no location,59,56
no location,6,67
no location,60,53
no location,61,49
no location,62,64
no location,63,41
no location,64,64
no location,65,54
no location,66,66
no location,67,57
no location,68,57
no location,69,65
no location,7,58
no location,70,44
no location,71,44
no location,72,42
no location,73,34
no location,74,35
no location,75,27
no location,76,35
no location,77,17
no location,78,17
no location,79,14
no location,8,58
no location,80,23
no location,81,24
no location,82,16
no location,83,5
no location,84,7
no location,85,8
no location,86,9
no location,87,9
no location,88,5
no location,89,6
no location,9,39
no location,90,7
no location,91,6
no location,92,5
no location,93,1
no location,94,4
no location,95,1
no location,96,4
no location,97,1
